term_ID,description,frequency,plot_X,plot_Y,plot_size,uniqueness,dispensability,representative,eliminated
GO:0001770,"establishment of natural killer cell polarity",0.000%, 1.912,-2.888,0.301,0.915,0.000,1770,0
GO:0016334,"establishment or maintenance of polarity of follicular epithelium",0.000%,null,null,1.544,0.758,0.570,1770,1
GO:0002315,"marginal zone B cell differentiation",0.000%,null,null,1.519,0.672,0.503,1770,1
GO:0030708,"germarium-derived female germ-line cyst encapsulation",0.000%,null,null,1.146,0.684,0.940,1770,1
GO:0006042,"glucosamine biosynthetic process",0.000%, 0.895, 0.526,0.778,0.964,0.000,6042,0
GO:0034398,"telomere tethering at nuclear periphery",0.000%, 2.675,-6.274,0.954,0.942,0.000,34398,0
GO:0097401,"synaptic vesicle lumen acidification",0.000%,null,null,0.301,0.677,0.577,34398,1
GO:0030050,"vesicle transport along actin filament",0.000%,null,null,1.505,0.882,0.540,34398,1
GO:0046957,"negative phototaxis",0.000%, 6.996,-1.430,0.845,0.928,0.000,46957,0
GO:2001229,"negative regulation of response to gamma radiation",0.000%,null,null,0.845,0.827,0.439,46957,1
GO:1903025,"regulation of RNA polymerase II regulatory region sequence-specific DNA binding",0.000%, 2.488,-0.642,0.301,0.910,0.000,1903025,0
GO:0033342,"negative regulation of collagen binding",0.000%,null,null,1.491,0.900,0.557,1903025,1
GO:1903839,"positive regulation of mRNA 3'-UTR binding",0.000%,null,null,0.301,0.908,0.503,1903025,1
GO:0030721,"spectrosome organization",0.000%,-4.280, 7.194,0.699,0.886,0.008,30721,0
GO:0036111,"very long-chain fatty-acyl-CoA metabolic process",0.000%,-0.840,-0.289,1.556,0.955,0.017,36111,0
GO:0035338,"long-chain fatty-acyl-CoA biosynthetic process",0.000%,null,null,1.255,0.948,0.521,36111,1
GO:0048072,"compound eye pigmentation",0.000%,-2.331,-6.863,1.556,0.806,0.018,48072,0
GO:0006856,"eye pigment precursor transport",0.000%,null,null,1.114,0.792,0.686,48072,1
GO:0044245,"polysaccharide digestion",0.000%,-2.009,-7.727,0.778,0.786,0.019,44245,0
GO:0046210,"nitric oxide catabolic process",0.000%,-3.719,-1.004,1.114,0.949,0.019,46210,0
GO:0010727,"negative regulation of hydrogen peroxide metabolic process",0.000%,null,null,1.041,0.853,0.406,46210,1
GO:0043602,"nitrate catabolic process",0.000%,null,null,1.041,0.920,0.438,46210,1
GO:1903428,"positive regulation of reactive oxygen species biosynthetic process",0.000%,null,null,1.362,0.824,0.640,46210,1
GO:0019482,"beta-alanine metabolic process",0.000%,-4.096, 0.588,1.556,0.925,0.040,19482,0
GO:0000732,"strand displacement",0.000%, 3.622, 1.328,0.477,0.946,0.045,732,0
GO:0051086,"chaperone mediated protein folding independent of cofactor",0.000%,-1.634, 3.076,1.079,0.944,0.055,51086,0
GO:0033490,"cholesterol biosynthetic process via lathosterol",0.000%,-1.814, 1.474,0.602,0.924,0.078,33490,0
GO:0034474,"U2 snRNA 3'-end processing",0.000%,-0.495, 4.100,1.519,0.936,0.082,34474,0
GO:0033979,"box H/ACA snoRNA metabolic process",0.000%,null,null,1.255,0.942,0.848,34474,1
GO:0000495,"box H/ACA snoRNA 3'-end processing",0.000%,null,null,1.204,0.934,0.496,34474,1
GO:1900364,"negative regulation of mRNA polyadenylation",0.000%,null,null,0.778,0.833,0.459,34474,1
GO:1990034,"calcium ion export from cell",0.000%, 2.493,-4.820,0.954,0.932,0.090,1990034,0
GO:0016057,"regulation of membrane potential in photoreceptor cell",0.000%,-3.746,-4.314,0.903,0.903,0.097,16057,0
GO:0086047,"membrane depolarization during Purkinje myocyte cell action potential",0.000%,null,null,1.491,0.676,0.770,16057,1
GO:1900827,"positive regulation of membrane depolarization during cardiac muscle cell action potential",0.000%,null,null,0.477,0.842,0.515,16057,1
GO:1903387,"positive regulation of homophilic cell adhesion",0.000%,-0.142,-2.152,0.301,0.856,0.097,1903387,0
GO:0043610,"regulation of carbohydrate utilization",0.000%, 4.045,-2.763,0.954,0.900,0.103,43610,0
GO:0060821,"inactivation of X chromosome by DNA methylation",0.000%, 1.498, 0.130,1.380,0.890,0.109,60821,0
GO:0044752,"response to human chorionic gonadotropin",0.000%, 8.148,-1.360,0.477,0.923,0.134,44752,0
GO:1903351,"cellular response to dopamine",0.000%,null,null,0.602,0.902,0.487,44752,1
GO:1902065,"response to L-glutamate",0.000%,null,null,0.699,0.919,0.406,44752,1
GO:0009386,"translational attenuation",0.000%,-0.763, 3.353,0.477,0.862,0.137,9386,0
GO:1990390,"protein K33-linked ubiquitination",0.000%,-2.805, 5.080,0.903,0.928,0.143,1990390,0
GO:0042526,"positive regulation of tyrosine phosphorylation of Stat6 protein",0.000%,null,null,0.699,0.738,0.471,1990390,1
GO:2001168,"positive regulation of histone H2B ubiquitination",0.000%,null,null,0.477,0.718,0.758,1990390,1
GO:0045903,"positive regulation of translational fidelity",0.000%,null,null,1.322,0.791,0.444,1990390,1
GO:0090309,"positive regulation of methylation-dependent chromatin silencing",0.000%,null,null,0.699,0.695,0.624,1990390,1
GO:0033184,"positive regulation of histone ubiquitination",0.000%,null,null,0.699,0.712,0.617,1990390,1
GO:1902524,"positive regulation of protein K48-linked ubiquitination",0.000%,null,null,1.415,0.795,0.654,1990390,1
GO:1902499,"positive regulation of protein autoubiquitination",0.000%,null,null,0.778,0.805,0.428,1990390,1
GO:1901143,"insulin catabolic process",0.000%,-6.563, 2.118,1.544,0.941,0.144,1901143,0
GO:0071500,"cellular response to nitrosative stress",0.000%, 6.880, 0.061,1.380,0.917,0.145,71500,0
GO:0070731,"cGMP transport",0.000%, 1.798,-4.980,0.301,0.927,0.159,70731,0
GO:1900163,"positive regulation of phospholipid scramblase activity",0.000%,null,null,1.544,0.696,0.905,70731,1
GO:0006853,"carnitine shuttle",0.000%,null,null,1.114,0.877,0.731,70731,1
GO:0061092,"positive regulation of phospholipid translocation",0.000%,null,null,1.491,0.706,0.548,70731,1
GO:0015917,"aminophospholipid transport",0.000%,null,null,0.477,0.916,0.408,70731,1
GO:0015910,"peroxisomal long-chain fatty acid import",0.000%,null,null,1.556,0.909,0.447,70731,1
GO:0014053,"negative regulation of gamma-aminobutyric acid secretion",0.000%,null,null,1.079,0.807,0.688,70731,1
GO:0033602,"negative regulation of dopamine secretion",0.000%,null,null,1.255,0.780,0.847,70731,1
GO:0015722,"canalicular bile acid transport",0.000%,null,null,1.362,0.907,0.484,70731,1
GO:0038060,"nitric oxide-cGMP-mediated signaling pathway",0.000%, 6.254, 0.014,0.301,0.856,0.161,38060,0
GO:0020028,"hemoglobin import",0.000%, 0.175,-4.551,0.699,0.925,0.161,20028,0
GO:0035048,"splicing factor protein import into nucleus",0.000%,null,null,1.556,0.895,0.447,20028,1
GO:0000059,"protein import into nucleus, docking",0.000%,null,null,1.000,0.825,0.569,20028,1
GO:0010121,"arginine catabolic process to proline via ornithine",0.000%,-6.910, 0.130,0.602,0.918,0.167,10121,0
GO:0019483,"beta-alanine biosynthetic process",0.000%,-3.214, 1.744,1.398,0.914,0.179,19483,0
GO:0007206,"phospholipase C-activating G-protein coupled glutamate receptor signaling pathway",0.000%, 6.764, 0.503,1.255,0.837,0.193,7206,0
GO:1900737,"negative regulation of phospholipase C-activating G-protein coupled receptor signaling pathway",0.000%,null,null,1.505,0.777,0.719,7206,1
GO:0044571,"[2Fe-2S] cluster assembly",0.000%,-3.683, 7.215,1.477,0.884,0.197,44571,0
GO:1990256,"signal clustering",0.000%, 6.332, 0.442,0.602,0.830,0.200,1990256,0
GO:0033320,"UDP-D-xylose biosynthetic process",0.000%, 0.647, 3.954,1.279,0.903,0.201,33320,0
GO:0002184,"cytoplasmic translational termination",0.000%,-3.752, 6.611,1.000,0.836,0.202,2184,0
GO:1903679,"positive regulation of cap-independent translational initiation",0.000%,null,null,1.279,0.794,0.692,2184,1
GO:0044845,"chain elongation of O-linked mannose residue",0.000%,-3.201, 5.193,0.477,0.894,0.210,44845,0
GO:0018406,"protein C-linked glycosylation via 2'-alpha-mannosyl-L-tryptophan",0.000%,null,null,0.477,0.890,0.627,44845,1
GO:0097466,"glycoprotein ERAD pathway",0.000%,null,null,0.477,0.836,0.412,44845,1
GO:0030969,"UFP-specific transcription factor mRNA processing involved in endoplasmic reticulum unfolded protein response",0.000%,null,null,0.778,0.801,0.550,44845,1
GO:0036109,"alpha-linolenic acid metabolic process",0.000%,-2.837, 0.705,1.079,0.919,0.211,36109,0
GO:0031393,"negative regulation of prostaglandin biosynthetic process",0.000%,null,null,0.477,0.814,0.582,36109,1
GO:0035499,"carnosine biosynthetic process",0.000%,-5.113, 2.456,1.544,0.906,0.221,35499,0
GO:0035606,"peptidyl-cysteine S-trans-nitrosylation",0.000%,-2.082, 4.249,1.398,0.927,0.227,35606,0
GO:0036335,"intestinal stem cell homeostasis",0.000%,-2.846,-3.857,1.415,0.899,0.232,36335,0
GO:1990426,"homologous recombination-dependent replication fork processing",0.000%, 7.058, 2.071,0.602,0.868,0.235,1990426,0
GO:0061567,"dCMP phosphorylation",0.000%, 0.098, 2.232,1.531,0.894,0.240,61567,0
GO:0006756,"AMP phosphorylation",0.000%,null,null,1.544,0.886,0.953,61567,1
GO:0061565,"dAMP phosphorylation",0.000%,null,null,1.531,0.894,0.952,61567,1
GO:0061566,"CMP phosphorylation",0.000%,null,null,1.531,0.894,0.952,61567,1
GO:0070911,"global genome nucleotide-excision repair",0.000%, 7.261, 1.532,0.903,0.872,0.242,70911,0
GO:0035965,"cardiolipin acyl-chain remodeling",0.000%,-1.843, 0.193,1.556,0.919,0.242,35965,0
GO:0055108,"Golgi to transport vesicle transport",0.000%, 1.344,-5.561,0.301,0.915,0.242,55108,0
GO:0048211,"Golgi vesicle docking",0.000%,null,null,1.204,0.894,0.471,55108,1
GO:0061569,"UDP phosphorylation",0.000%, 0.105, 2.590,1.531,0.892,0.245,61569,0
GO:0006174,"dADP phosphorylation",0.000%,null,null,1.531,0.885,0.544,61569,1
GO:0006186,"dGDP phosphorylation",0.000%,null,null,1.556,0.885,0.947,61569,1
GO:0006757,"ADP phosphorylation",0.000%,null,null,1.531,0.883,0.749,61569,1
GO:0061570,"dCDP phosphorylation",0.000%,null,null,1.531,0.892,0.544,61569,1
GO:0061571,"TDP phosphorylation",0.000%,null,null,1.531,0.892,0.544,61569,1
GO:0061568,"GDP phosphorylation",0.000%,null,null,1.531,0.892,0.544,61569,1
GO:0061508,"CDP phosphorylation",0.000%,null,null,1.544,0.892,0.544,61569,1
GO:0061504,"cyclic threonylcarbamoyladenosine biosynthetic process",0.000%,-1.875, 4.308,0.845,0.925,0.245,61504,0
GO:0019413,"acetate biosynthetic process",0.000%,-4.114, 2.169,1.491,0.915,0.248,19413,0
GO:0070987,"error-free translesion synthesis",0.000%, 6.812, 2.505,1.146,0.858,0.249,70987,0
GO:0051102,"DNA ligation involved in DNA recombination",0.000%, 3.977, 1.330,1.531,0.942,0.251,51102,0
GO:1902861,"copper ion import into cell",0.000%, 1.249,-2.959,0.477,0.928,0.254,1902861,0
GO:1990035,"calcium ion import into cell",0.000%,null,null,1.041,0.927,0.764,1902861,1
GO:0098703,"calcium ion import across plasma membrane",0.000%,null,null,0.477,0.830,0.728,1902861,1
GO:0015679,"plasma membrane copper ion transport",0.000%,null,null,1.000,0.914,0.505,1902861,1
GO:0061621,"canonical glycolysis",0.000%,-5.708, 0.984,1.447,0.894,0.256,61621,0
GO:0006735,"NADH regeneration",0.000%,null,null,0.477,0.921,0.793,61621,1
GO:0043252,"sodium-independent organic anion transport",0.000%, 0.751,-5.011,1.322,0.925,0.258,43252,0
GO:0060992,"response to fungicide",0.000%, 8.371,-0.715,1.544,0.922,0.261,60992,0
GO:0000294,"nuclear-transcribed mRNA catabolic process, endonucleolytic cleavage-dependent decay",0.000%,-7.025, 1.339,0.602,0.930,0.262,294,0
GO:0034497,"protein localization to pre-autophagosomal structure",0.000%, 1.010,-5.299,1.556,0.935,0.271,34497,0
GO:0070541,"response to platinum ion",0.000%, 7.303,-0.657,1.204,0.918,0.278,70541,0
GO:0071284,"cellular response to lead ion",0.000%,null,null,0.602,0.903,0.464,70541,1
GO:0071287,"cellular response to manganese ion",0.000%,null,null,1.322,0.896,0.635,70541,1
GO:0097231,"cell motility in response to calcium ion",0.000%,null,null,0.301,0.859,0.580,70541,1
GO:0042412,"taurine biosynthetic process",0.000%,-1.023,-0.289,1.380,0.948,0.280,42412,0
GO:0072718,"response to cisplatin",0.000%, 8.081,-0.815,1.301,0.921,0.281,72718,0
GO:0071282,"cellular response to iron(II) ion",0.000%,null,null,0.301,0.903,0.687,72718,1
GO:0010041,"response to iron(III) ion",0.000%,null,null,1.491,0.914,0.554,72718,1
GO:0061511,"centriole elongation",0.000%,-3.294, 7.023,0.602,0.842,0.281,61511,0
GO:0051232,"meiotic spindle elongation",0.000%,null,null,0.602,0.821,0.567,61511,1
GO:0051228,"mitotic spindle disassembly",0.000%,null,null,1.000,0.835,0.480,61511,1
GO:1903724,"positive regulation of centriole elongation",0.000%,null,null,0.602,0.734,0.655,61511,1
GO:0051415,"interphase microtubule nucleation by interphase microtubule organizing center",0.000%,null,null,0.845,0.836,0.463,61511,1
GO:0031036,"myosin II filament assembly",0.000%,null,null,1.230,0.836,0.411,61511,1
GO:0070462,"plus-end specific microtubule depolymerization",0.000%,null,null,1.491,0.835,0.735,61511,1
GO:0010808,"positive regulation of synaptic vesicle priming",0.000%,null,null,0.699,0.691,0.661,61511,1
GO:0060404,"axonemal microtubule depolymerization",0.000%,null,null,1.462,0.835,0.603,61511,1
GO:0090168,"Golgi reassembly",0.000%,-3.076, 7.162,0.602,0.873,0.281,90168,0
GO:1903373,"positive regulation of endoplasmic reticulum tubular network organization",0.000%,null,null,0.778,0.760,0.511,90168,1
GO:1903361,"protein localization to basolateral plasma membrane",0.000%,null,null,0.845,0.826,0.514,90168,1
GO:0036258,"multivesicular body assembly",0.000%,null,null,0.903,0.867,0.503,90168,1
GO:0007637,"proboscis extension reflex",0.000%, 8.021,-0.411,1.322,0.880,0.281,7637,0
GO:0008062,"eclosion rhythm",0.000%,null,null,1.041,0.747,0.551,7637,1
GO:0090328,"regulation of olfactory learning",0.000%,null,null,1.146,0.660,0.764,7637,1
GO:0060733,"regulation of eIF2 alpha phosphorylation by amino acid starvation",0.000%,null,null,0.301,0.764,0.786,7637,1
GO:0048150,"behavioral response to ether",0.000%,null,null,0.477,0.735,0.523,7637,1
GO:1990253,"cellular response to leucine starvation",0.000%,null,null,0.602,0.879,0.468,7637,1
GO:0034775,"glutathione transmembrane transport",0.000%, 0.415,-3.233,1.230,0.909,0.282,34775,0
GO:0044128,"positive regulation of growth of symbiont in host",0.000%, 2.930,-2.120,0.477,0.839,0.285,44128,0
GO:0036233,"glycine import",0.000%, 0.306,-3.644,1.531,0.922,0.289,36233,0
GO:0090156,"cellular sphingolipid homeostasis",0.000%,-2.378,-2.133,0.602,0.878,0.295,90156,0
GO:0002638,"negative regulation of immunoglobulin production",0.000%, 2.713, 1.773,0.699,0.859,0.296,2638,0
GO:0048297,"negative regulation of isotype switching to IgA isotypes",0.000%,null,null,1.505,0.583,0.776,2638,1
GO:1900275,"negative regulation of phospholipase C activity",0.000%, 4.637, 3.393,1.519,0.856,0.297,1900275,0
GO:0046359,"butyrate catabolic process",0.000%,-6.854, 0.262,0.699,0.912,0.297,46359,0
GO:0019542,"propionate biosynthetic process",0.000%,null,null,1.204,0.909,0.475,46359,1
GO:0008365,"adult chitin-based cuticle development",0.000%,-2.668,-6.829,0.699,0.758,0.298,8365,0
GO:0048085,"adult chitin-containing cuticle pigmentation",0.000%,null,null,1.415,0.736,0.965,8365,1
GO:0048082,"regulation of adult chitin-containing cuticle pigmentation",0.000%,null,null,1.362,0.681,0.714,8365,1
GO:0030827,"negative regulation of cGMP biosynthetic process",0.000%, 3.165, 5.561,0.477,0.811,0.299,30827,0
GO:0070145,"mitochondrial asparaginyl-tRNA aminoacylation",0.000%,-4.593, 5.906,0.477,0.811,0.299,70145,0
GO:1903214,"regulation of protein targeting to mitochondrion",0.000%,null,null,0.699,0.753,0.460,70145,1
GO:0090298,"negative regulation of mitochondrial DNA replication",0.000%,null,null,1.519,0.738,0.643,70145,1
GO:1990579,"peptidyl-serine trans-autophosphorylation",0.000%,-2.103, 4.535,0.301,0.922,0.299,1990579,0
GO:0000973,"posttranscriptional tethering of RNA polymerase II gene DNA at nuclear periphery",0.000%,-4.246, 6.893,1.491,0.875,0.302,973,0
GO:1902997,"negative regulation of neurofibrillary tangle assembly",0.000%,-0.006, 6.951,1.556,0.784,0.305,1902997,0
GO:0060355,"positive regulation of cell adhesion molecule production",0.000%, 0.441,-0.991,0.301,0.839,0.306,60355,0
GO:1990403,"embryonic brain development",0.000%,-2.714,-7.146,0.301,0.750,0.315,1990403,0
GO:0010725,"regulation of primitive erythrocyte differentiation",0.000%,null,null,1.556,0.632,0.667,1990403,1
GO:0007395,"dorsal closure, spreading of leading edge cells",0.000%,null,null,0.699,0.704,0.784,1990403,1
GO:0007370,"ventral furrow formation",0.000%,null,null,1.447,0.729,0.440,1990403,1
GO:0001827,"inner cell mass cell fate commitment",0.000%,null,null,1.415,0.703,0.489,1990403,1
GO:0001828,"inner cell mass cellular morphogenesis",0.000%,null,null,1.398,0.662,0.886,1990403,1
GO:0055016,"hypochord development",0.000%,null,null,1.041,0.726,0.486,1990403,1
GO:0046663,"dorsal closure, leading edge cell differentiation",0.000%,null,null,0.903,0.708,0.798,1990403,1
GO:0046664,"dorsal closure, amnioserosa morphology change",0.000%,null,null,1.079,0.723,0.520,1990403,1
GO:0090176,"microtubule cytoskeleton organization involved in establishment of planar polarity",0.000%,null,null,1.342,0.689,0.532,1990403,1
GO:0060800,"regulation of cell differentiation involved in embryonic placenta development",0.000%,null,null,1.491,0.647,0.585,1990403,1
GO:0042688,"crystal cell differentiation",0.000%,-1.690,-6.546,1.000,0.759,0.317,42688,0
GO:0042689,"regulation of crystal cell differentiation",0.000%,null,null,0.903,0.675,0.967,42688,1
GO:0035165,"embryonic crystal cell differentiation",0.000%,null,null,0.699,0.700,0.857,42688,1
GO:0035170,"lymph gland crystal cell differentiation",0.000%,null,null,0.699,0.699,0.950,42688,1
GO:0050893,"sensory processing",0.000%,-2.072,-7.872,1.447,0.767,0.317,50893,0
GO:0072375,"medium-term memory",0.000%,null,null,1.146,0.767,0.604,50893,1
GO:0050960,"detection of temperature stimulus involved in thermoception",0.000%,null,null,0.903,0.737,0.437,50893,1
GO:0007615,"anesthesia-resistant memory",0.000%,null,null,1.176,0.767,0.656,50893,1
GO:0060250,"germ-line stem-cell niche homeostasis",0.000%,-2.304,-2.984,1.531,0.895,0.320,60250,0
GO:0034760,"negative regulation of iron ion transmembrane transport",0.000%, 3.754, 3.279,0.301,0.815,0.322,34760,0
GO:1904213,"negative regulation of iodide transmembrane transport",0.000%,null,null,1.477,0.795,0.726,34760,1
GO:0018008,"N-terminal peptidyl-glycine N-myristoylation",0.000%,-2.389, 4.475,1.079,0.917,0.323,18008,0
GO:0016254,"preassembly of GPI anchor in ER membrane",0.000%,null,null,1.255,0.867,0.545,18008,1
GO:1903061,"positive regulation of protein lipidation",0.000%,null,null,1.322,0.791,0.556,18008,1
GO:1990481,"mRNA pseudouridine synthesis",0.000%,-2.271, 5.053,0.845,0.926,0.325,1990481,0
GO:0019481,"L-alanine catabolic process, by transamination",0.000%,-5.868, 0.264,1.519,0.914,0.325,19481,0
GO:0030242,"peroxisome degradation",0.000%,-5.292, 5.651,1.531,0.835,0.326,30242,0
GO:0060288,"formation of a compartment boundary",0.000%,-2.701,-7.012,0.699,0.742,0.328,60288,0
GO:0007385,"specification of segmental identity, abdomen",0.000%,null,null,0.778,0.738,0.497,60288,1
GO:0016348,"imaginal disc-derived leg joint morphogenesis",0.000%,null,null,1.415,0.691,0.749,60288,1
GO:0048803,"imaginal disc-derived male genitalia morphogenesis",0.000%,null,null,1.477,0.691,0.747,60288,1
GO:0048800,"antennal morphogenesis",0.000%,null,null,1.519,0.699,0.690,60288,1
GO:0035288,"anterior head segmentation",0.000%,null,null,1.000,0.730,0.744,60288,1
GO:0035287,"head segmentation",0.000%,null,null,1.477,0.723,0.730,60288,1
GO:0035291,"specification of segmental identity, intercalary segment",0.000%,null,null,0.301,0.746,0.864,60288,1
GO:0035289,"posterior head segmentation",0.000%,null,null,1.342,0.723,0.951,60288,1
GO:0007473,"wing disc proximal/distal pattern formation",0.000%,null,null,0.845,0.720,0.504,60288,1
GO:0007451,"dorsal/ventral lineage restriction, imaginal disc",0.000%,null,null,0.903,0.719,0.787,60288,1
GO:0043418,"homocysteine catabolic process",0.000%,-5.768,-0.014,0.699,0.913,0.328,43418,0
GO:0042340,"keratan sulfate catabolic process",0.000%,null,null,1.204,0.903,0.589,43418,1
GO:0010734,"negative regulation of protein glutathionylation",0.000%, 1.073, 6.543,1.531,0.812,0.328,10734,0
GO:0071264,"positive regulation of translational initiation in response to starvation",0.000%,null,null,1.279,0.740,0.840,10734,1
GO:0032804,"negative regulation of low-density lipoprotein particle receptor catabolic process",0.000%,null,null,1.505,0.806,0.464,10734,1
GO:1902948,"negative regulation of tau-protein kinase activity",0.000%,null,null,1.556,0.789,0.498,10734,1
GO:0032057,"negative regulation of translational initiation in response to stress",0.000%,null,null,1.322,0.775,0.457,10734,1
GO:1902977,"mitotic DNA replication preinitiation complex assembly",0.000%,-0.850, 7.247,0.699,0.821,0.328,1902977,0
GO:0032201,"telomere maintenance via semi-conservative replication",0.000%,null,null,1.415,0.761,0.749,1902977,1
GO:0000730,"DNA recombinase assembly",0.000%,null,null,1.362,0.791,0.532,1902977,1
GO:1902990,"mitotic telomere maintenance via semi-conservative replication",0.000%,null,null,0.301,0.779,0.679,1902977,1
GO:0007496,"anterior midgut development",0.000%,-2.609,-7.175,0.699,0.744,0.330,7496,0
GO:0061382,"Malpighian tubule tip cell differentiation",0.000%,null,null,1.114,0.705,0.837,7496,1
GO:0061336,"cell morphogenesis involved in Malpighian tubule morphogenesis",0.000%,null,null,0.301,0.671,0.799,7496,1
GO:1900176,"negative regulation of nodal signaling pathway involved in determination of lateral mesoderm left/right asymmetry",0.000%,null,null,1.279,0.567,0.635,7496,1
GO:0048621,"post-embryonic digestive tract morphogenesis",0.000%,null,null,1.477,0.721,0.637,7496,1
GO:0048615,"embryonic anterior midgut (ectodermal) morphogenesis",0.000%,null,null,0.778,0.713,0.660,7496,1
GO:0061331,"epithelial cell proliferation involved in Malpighian tubule morphogenesis",0.000%,null,null,1.146,0.708,0.681,7496,1
GO:0035848,"oviduct morphogenesis",0.000%,null,null,0.477,0.730,0.464,7496,1
GO:0097498,"endothelial tube lumen extension",0.000%,null,null,1.000,0.730,0.507,7496,1
GO:0097102,"endothelial tip cell fate specification",0.000%,null,null,0.301,0.721,0.598,7496,1
GO:0007502,"digestive tract mesoderm development",0.000%,null,null,1.255,0.725,0.597,7496,1
GO:0060853,"Notch signaling pathway involved in arterial endothelial cell fate commitment",0.000%,null,null,0.778,0.643,0.814,7496,1
GO:1902774,"late endosome to lysosome transport",0.000%, 0.922,-5.603,0.602,0.915,0.331,1902774,0
GO:1902823,"negative regulation of late endosome to lysosome transport",0.000%,null,null,0.301,0.811,0.710,1902774,1
GO:0010710,"regulation of collagen catabolic process",0.000%,-3.731,-5.933,1.415,0.691,0.335,10710,0
GO:0032916,"positive regulation of transforming growth factor beta3 production",0.000%,null,null,1.114,0.681,0.400,10710,1
GO:0071352,"cellular response to interleukin-2",0.000%, 8.405,-0.450,0.301,0.908,0.336,71352,0
GO:0000354,"cis assembly of pre-catalytic spliceosome",0.000%,-4.229, 6.956,1.000,0.853,0.336,354,0
GO:0000349,"generation of catalytic spliceosome for first transesterification step",0.000%,null,null,1.041,0.851,0.511,354,1
GO:0000350,"generation of catalytic spliceosome for second transesterification step",0.000%,null,null,1.114,0.850,0.921,354,1
GO:1903546,"protein localization to photoreceptor outer segment",0.000%,-0.057,-2.165,1.114,0.935,0.338,1903546,0
GO:0008315,"meiotic G2/MI transition",0.000%,-4.405, 6.097,1.041,0.824,0.339,8315,0
GO:0090435,"protein localization to nuclear envelope",0.000%,null,null,0.903,0.808,0.676,8315,1
GO:0007070,"negative regulation of transcription from RNA polymerase II promoter during mitosis",0.000%,null,null,1.146,0.744,0.481,8315,1
GO:0036228,"protein targeting to nuclear inner membrane",0.000%,null,null,0.845,0.800,0.651,8315,1
GO:0051078,"meiotic nuclear envelope disassembly",0.000%,null,null,0.477,0.820,0.541,8315,1
GO:1902504,"regulation of signal transduction involved in mitotic G2 DNA damage checkpoint",0.000%,null,null,0.477,0.772,0.589,8315,1
GO:0010650,"positive regulation of cell communication by electrical coupling",0.000%, 4.800,-0.779,1.000,0.811,0.345,10650,0
GO:2000324,"positive regulation of glucocorticoid receptor signaling pathway",0.000%,null,null,0.699,0.785,0.454,10650,1
GO:0061357,"positive regulation of Wnt protein secretion",0.000%,null,null,1.114,0.755,0.492,10650,1
GO:0007225,"patched ligand maturation",0.000%,null,null,1.556,0.756,0.487,10650,1
GO:0033686,"positive regulation of luteinizing hormone secretion",0.000%,null,null,1.447,0.596,0.605,10650,1
GO:0038128,"ERBB2 signaling pathway",0.000%, 6.453, 0.792,1.519,0.834,0.347,38128,0
GO:0090097,"regulation of decapentaplegic signaling pathway",0.000%,null,null,1.431,0.815,0.513,38128,1
GO:1902771,"positive regulation of choline O-acetyltransferase activity",0.000%, 3.087,-0.989,1.556,0.836,0.352,1902771,0
GO:1902769,"regulation of choline O-acetyltransferase activity",0.000%,null,null,1.556,0.893,0.455,1902771,1
GO:0032079,"positive regulation of endodeoxyribonuclease activity",0.000%,null,null,0.699,0.813,0.404,1902771,1
GO:0034199,"activation of protein kinase A activity",0.000%,null,null,1.447,0.778,0.568,1902771,1
GO:2001034,"positive regulation of double-strand break repair via nonhomologous end joining",0.000%,null,null,1.544,0.749,0.623,1902771,1
GO:0003374,"dynamin polymerization involved in mitochondrial fission",0.000%,-3.613, 7.133,1.531,0.846,0.354,3374,0
GO:0090148,"membrane fission",0.000%,null,null,1.544,0.866,0.403,3374,1
GO:0006587,"serotonin biosynthetic process from tryptophan",0.000%,-3.677, 1.558,0.845,0.911,0.357,6587,0
GO:0006585,"dopamine biosynthetic process from tyrosine",0.000%,null,null,1.230,0.909,0.531,6587,1
GO:0002591,"positive regulation of antigen processing and presentation of peptide antigen via MHC class I",0.000%, 1.599,-2.144,1.531,0.834,0.361,2591,0
GO:0002223,"stimulatory C-type lectin receptor signaling pathway",0.000%,null,null,1.519,0.761,0.417,2591,1
GO:0008348,"negative regulation of antimicrobial humoral response",0.000%, 5.334, 1.209,0.699,0.797,0.361,8348,0
GO:2000394,"positive regulation of lamellipodium morphogenesis",0.000%,-4.930,-2.419,1.544,0.640,0.365,2000394,0
GO:1902855,"regulation of nonmotile primary cilium assembly",0.000%,null,null,0.602,0.670,0.728,2000394,1
GO:1902856,"negative regulation of nonmotile primary cilium assembly",0.000%,null,null,0.602,0.640,0.504,2000394,1
GO:1902857,"positive regulation of nonmotile primary cilium assembly",0.000%,null,null,0.602,0.625,1.000,2000394,1
GO:0021793,"chemorepulsion of branchiomotor axon",0.000%,null,null,1.544,0.608,0.537,2000394,1
GO:0044849,"estrous cycle",0.000%,-3.155,-7.342,0.301,0.776,0.370,44849,0
GO:0007295,"growth of a germarium-derived egg chamber",0.000%,null,null,1.342,0.701,0.655,44849,1
GO:0030720,"oocyte localization involved in germarium-derived egg chamber formation",0.000%,null,null,1.380,0.685,0.657,44849,1
GO:0007303,"cytoplasmic transport, nurse cell to oocyte",0.000%,null,null,1.556,0.663,0.667,44849,1
GO:0007301,"female germline ring canal formation",0.000%,null,null,1.114,0.650,0.920,44849,1
GO:0030725,"germline ring canal formation",0.000%,null,null,1.531,0.692,0.585,44849,1
GO:0007279,"pole cell formation",0.000%,null,null,1.519,0.695,0.578,44849,1
GO:0043012,"regulation of fusion of sperm to egg plasma membrane",0.000%,null,null,0.301,0.662,0.513,44849,1
GO:0045478,"fusome organization",0.000%,null,null,1.279,0.695,0.510,44849,1
GO:0008103,"oocyte microtubule cytoskeleton polarization",0.000%,null,null,1.556,0.610,0.677,44849,1
GO:0046844,"micropyle formation",0.000%,null,null,0.778,0.654,0.624,44849,1
GO:0008302,"female germline ring canal formation, actin assembly",0.000%,null,null,0.699,0.633,0.887,44849,1
GO:0048132,"female germ-line stem cell asymmetric division",0.000%,null,null,1.380,0.707,0.568,44849,1
GO:0048137,"spermatocyte division",0.000%,null,null,1.301,0.741,0.469,44849,1
GO:0008359,"regulation of bicoid mRNA localization",0.000%,null,null,0.477,0.607,0.772,44849,1
GO:0071596,"ubiquitin-dependent protein catabolic process via the N-end rule pathway",0.000%,-6.140, 2.736,0.778,0.930,0.370,71596,0
GO:1903751,"negative regulation of intrinsic apoptotic signaling pathway in response to hydrogen peroxide",0.000%, 7.096, 1.768,0.602,0.764,0.372,1903751,0
GO:1901300,"positive regulation of hydrogen peroxide-mediated programmed cell death",0.000%,null,null,1.519,0.745,0.935,1903751,1
GO:1903378,"positive regulation of oxidative stress-induced neuron intrinsic apoptotic signaling pathway",0.000%,null,null,0.778,0.756,0.711,1903751,1
GO:0097421,"liver regeneration",0.000%,-2.770,-7.421,1.301,0.733,0.372,97421,0
GO:0048036,"central complex development",0.000%,null,null,1.362,0.727,0.412,97421,1
GO:0042066,"perineurial glial growth",0.000%,null,null,1.556,0.704,0.602,97421,1
GO:0042062,"long-term strengthening of neuromuscular junction",0.000%,null,null,0.477,0.594,0.629,97421,1
GO:0016200,"synaptic target attraction",0.000%,null,null,0.845,0.678,0.439,97421,1
GO:0021531,"spinal cord radial glial cell differentiation",0.000%,null,null,0.903,0.723,0.497,97421,1
GO:0035204,"negative regulation of lamellocyte differentiation",0.000%,null,null,0.778,0.624,0.960,97421,1
GO:0035203,"regulation of lamellocyte differentiation",0.000%,null,null,0.845,0.651,0.994,97421,1
GO:0097118,"neuroligin clustering involved in postsynaptic membrane assembly",0.000%,null,null,1.519,0.633,0.465,97421,1
GO:1902037,"negative regulation of hematopoietic stem cell differentiation",0.000%,null,null,1.491,0.624,0.586,97421,1
GO:0040026,"positive regulation of vulval development",0.000%,null,null,1.462,0.625,0.776,97421,1
GO:0048633,"positive regulation of skeletal muscle tissue growth",0.000%,null,null,1.041,0.633,0.872,97421,1
GO:0048631,"regulation of skeletal muscle tissue growth",0.000%,null,null,1.230,0.669,0.542,97421,1
GO:0048674,"collateral sprouting of injured axon",0.000%,null,null,0.778,0.635,0.638,97421,1
GO:0007526,"larval somatic muscle development",0.000%,null,null,1.477,0.720,0.418,97421,1
GO:0035167,"larval lymph gland hemopoiesis",0.000%,null,null,1.301,0.710,0.766,97421,1
GO:1902459,"positive regulation of stem cell maintenance",0.000%,null,null,1.505,0.599,0.907,97421,1
GO:0035171,"lamellocyte differentiation",0.000%,null,null,1.079,0.692,0.936,97421,1
GO:0036099,"female germ-line stem cell maintenance",0.000%,null,null,1.556,0.647,0.440,97421,1
GO:0032455,"nerve growth factor processing",0.000%,-5.459,-1.065,0.699,0.870,0.374,32455,0
GO:1900370,"positive regulation of RNA interference",0.000%, 2.566, 2.209,0.301,0.792,0.376,1900370,0
GO:0035281,"pre-miRNA export from nucleus",0.000%,null,null,1.114,0.781,0.584,1900370,1
GO:0071477,"cellular hypotonic salinity response",0.000%, 7.189, 0.115,1.531,0.910,0.382,71477,0
GO:1900276,"regulation of proteinase activated receptor activity",0.000%, 7.043, 0.968,1.505,0.802,0.383,1900276,0
GO:1901206,"positive regulation of adrenergic receptor signaling pathway involved in heart process",0.000%,null,null,0.301,0.649,0.531,1900276,1
GO:0010868,"negative regulation of triglyceride biosynthetic process",0.000%, 2.503, 3.745,1.531,0.808,0.388,10868,0
GO:2000755,"positive regulation of sphingomyelin catabolic process",0.000%,null,null,1.544,0.763,0.836,10868,1
GO:2000753,"positive regulation of glucosylceramide catabolic process",0.000%,null,null,1.544,0.776,0.546,10868,1
GO:0090157,"negative regulation of sphingolipid biosynthesis involved in cellular sphingolipid homeostasis",0.000%,null,null,0.477,0.770,0.548,10868,1
GO:0035277,"spiracle morphogenesis, open tracheal system",0.000%,-2.690,-7.189,1.556,0.724,0.389,35277,0
GO:2000274,"regulation of epithelial cell migration, open tracheal system",0.000%,null,null,1.279,0.640,0.801,35277,1
GO:0035002,"liquid clearance, open tracheal system",0.000%,null,null,1.380,0.698,0.808,35277,1
GO:0035001,"dorsal trunk growth, open tracheal system",0.000%,null,null,1.431,0.718,0.811,35277,1
GO:0007425,"epithelial cell fate determination, open tracheal system",0.000%,null,null,1.146,0.709,0.792,35277,1
GO:0007428,"primary branching, open tracheal system",0.000%,null,null,1.519,0.702,0.817,35277,1
GO:0035157,"negative regulation of fusion cell fate specification",0.000%,null,null,0.903,0.633,0.901,35277,1
GO:0035153,"epithelial cell type specification, open tracheal system",0.000%,null,null,1.505,0.701,0.816,35277,1
GO:0035155,"negative regulation of terminal cell fate specification, open tracheal system",0.000%,null,null,0.845,0.635,0.772,35277,1
GO:1990416,"cellular response to brain-derived neurotrophic factor stimulus",0.000%, 8.194,-0.222,0.301,0.907,0.390,1990416,0
GO:0061040,"female gonad morphogenesis",0.000%,-2.695,-7.534,0.301,0.742,0.392,61040,0
GO:0061343,"cell adhesion involved in heart morphogenesis",0.000%,null,null,1.301,0.727,0.457,61040,1
GO:0072116,"pronephros formation",0.000%,null,null,0.602,0.734,0.418,61040,1
GO:0039008,"pronephric nephron tubule morphogenesis",0.000%,null,null,1.398,0.707,0.832,61040,1
GO:0071454,"cellular response to anoxia",0.000%, 7.679, 0.002,1.230,0.893,0.394,71454,0
GO:0098735,"positive regulation of the force of heart contraction",0.000%,-3.259,-6.169,0.477,0.722,0.395,98735,0
GO:0061051,"positive regulation of cell growth involved in cardiac muscle cell development",0.000%,null,null,0.903,0.556,0.740,98735,1
GO:0014878,"response to electrical stimulus involved in regulation of muscle adaptation",0.000%,null,null,1.301,0.670,0.582,98735,1
GO:1903244,"positive regulation of cardiac muscle hypertrophy in response to stress",0.000%,null,null,0.477,0.658,0.680,98735,1
GO:1901898,"negative regulation of relaxation of cardiac muscle",0.000%,null,null,0.699,0.693,0.498,98735,1
GO:1901255,"nucleotide-excision repair involved in interstrand cross-link repair",0.000%, 8.063, 1.512,1.380,0.867,0.395,1901255,0
GO:0046684,"response to pyrethroid",0.000%, 7.739,-0.567,1.431,0.920,0.395,46684,0
GO:0046680,"response to DDT",0.000%,null,null,1.079,0.915,0.871,46684,1
GO:0048058,"compound eye corneal lens development",0.000%,-2.688,-7.486,0.903,0.725,0.396,48058,0
GO:0048052,"R1/R6 cell differentiation",0.000%,null,null,0.903,0.686,0.705,48058,1
GO:0045316,"negative regulation of compound eye photoreceptor development",0.000%,null,null,0.699,0.611,1.004,48058,1
GO:0016330,"second mitotic wave involved in compound eye morphogenesis",0.000%,null,null,1.204,0.671,1.101,48058,1
GO:0045317,"equator specification",0.000%,null,null,0.954,0.669,1.078,48058,1
GO:0042675,"compound eye cone cell differentiation",0.000%,null,null,1.519,0.675,1.073,48058,1
GO:0042676,"compound eye cone cell fate commitment",0.000%,null,null,1.362,0.673,1.116,48058,1
GO:0045465,"R8 cell differentiation",0.000%,null,null,1.415,0.674,1.121,48058,1
GO:0045467,"R7 cell development",0.000%,null,null,1.519,0.668,1.130,48058,1
GO:0045468,"regulation of R8 cell spacing in compound eye",0.000%,null,null,0.778,0.672,0.698,48058,1
GO:0045463,"R8 cell development",0.000%,null,null,0.845,0.684,1.016,48058,1
GO:0061541,"rhabdomere morphogenesis",0.000%,null,null,0.699,0.627,1.004,48058,1
GO:0007464,"R3/R4 cell fate commitment",0.000%,null,null,1.477,0.651,1.126,48058,1
GO:0007460,"R8 cell fate commitment",0.000%,null,null,1.176,0.675,1.098,48058,1
GO:0035948,"positive regulation of gluconeogenesis by positive regulation of transcription from RNA polymerase II promoter",0.000%, 0.372, 2.882,1.398,0.784,0.398,35948,0
GO:2000639,"negative regulation of SREBP signaling pathway",0.000%,null,null,0.778,0.730,0.485,35948,1
GO:0090284,"positive regulation of protein glycosylation in Golgi",0.000%,null,null,1.556,0.766,0.660,35948,1
GO:0034971,"histone H3-R17 methylation",0.000%,-4.014, 6.567,1.544,0.804,0.398,34971,0
GO:1901726,"negative regulation of histone deacetylase activity",0.000%,null,null,0.477,0.724,0.600,34971,1
GO:1900112,"regulation of histone H3-K9 trimethylation",0.000%,null,null,1.279,0.742,0.571,34971,1
GO:2000619,"negative regulation of histone H4-K16 acetylation",0.000%,null,null,1.176,0.713,0.670,34971,1
GO:1990245,"histone H2A-T120 phosphorylation",0.000%,null,null,1.531,0.794,0.519,34971,1
GO:0031001,"response to brefeldin A",0.000%, 7.830,-0.398,1.531,0.913,0.398,31001,0
GO:1903413,"cellular response to bile acid",0.000%,null,null,0.477,0.904,0.474,31001,1
GO:0097214,"positive regulation of lysosomal membrane permeability",0.000%,-4.131, 5.582,1.447,0.788,0.400,97214,0
GO:0031339,"negative regulation of vesicle fusion",0.000%,null,null,1.462,0.718,0.655,97214,1
GO:0035544,"negative regulation of SNARE complex assembly",0.000%,null,null,0.778,0.725,0.774,97214,1
GO:0032889,"regulation of vacuole fusion, non-autophagic",0.000%,null,null,1.531,0.775,0.652,97214,1
GO:1902109,"negative regulation of mitochondrial membrane permeability involved in apoptotic process",0.000%,null,null,1.556,0.748,0.739,97214,1
GO:2000786,"positive regulation of autophagosome assembly",0.000%,null,null,1.519,0.653,0.833,97214,1
